ID,Enrolled,In AW,State,Zip,Country,HS GPA,ACT,SAT,Class,Major,Graduation Term,High School County,EFC/SAI,Pell,Grants,Scholarships,Honors,Athlete,International,First Generation,Gateway,Ethnicity,Gender,First Time Freshman,New Transfer
638388,Y,No,IL,62049-3436,United States of America,3.82,20,1040,Senior,Computer and Info Technology,202430,IL-Montgomery,12630,,,750,Y,N,N,N,N,White,M,N,N
638389,Y,No,IL,62550-8536,United States of America,3.98,31,,Senior,Computer Science,202430,IL-Shelby,,,,,Y,N,N,N,N,White,M,N,N
638390,Y,Yes,,900107,Nigeria,,,,Sophomore,Bus Analytics & Info Systems,202590,,,,,,Y,N,Y,N,N,International,F,N,N
638391,Y,Yes,IL,62454-5840,United States of America,3.97,25,1210,Sophomore,Computer and Info Technology,202630,IL-Crawford,51605,,,,Y,N,N,Y,N,White,M,N,Y
638392,Y,No,IL,61938-8710,United States of America,4,26,1230,Senior,Computer Science,202460,IL-Coles,4313,1522,5162,6500,Y,N,N,N,N,White,M,N,N
638393,Y,Yes,,,,3.66,25,1200,Junior,MAT: Teacher Education,202530,IL-Cook,0,7395,14675,9049,Y,N,N,Y,N,Hispanic,M,N,N
638394,Y,Yes,IL,60098-2948,United States of America,3.91,25,1210,Senior,MAT: Teacher Education,202430,IL-McHenry,,,,9341.98,Y,N,N,N,N,White,M,N,N
638395,Y,Yes,TX,78602-5468,United States of America,3.13,24,1190,Sophomore,Mathematics,202630,,,,,2000,Y,Y,N,Y,N,White,F,N,N
638397,Y,No,IL,61938-5491,United States of America,3.41,27,1260,PostGraduate,Computer Science,202430,IL-Coles,,,,,Y,N,N,N,N,White,M,N,N
638398,Y,No,IL,61920-2895,United States of America,3.5918,,,Senior,Computer Science,202390,IL-Cook,,,,,Y,N,Y,N,N,International,M,N,N
638399,Y,Yes,IL,60438-3902,United States of America,2.7,24,1180,Junior,Computer Science,202530,IL-Cook,22434,,,2228.2,Y,N,N,N,N,Black or African American,M,N,N
638400,Y,Yes,,,,3.2,24,,Senior,Computer Science,202630,IL-Macon,5502,1845,14956.33,4500,Y,N,N,N,N,White,M,N,N
638402,Y,Yes,IL,61944-2833,United States of America,3.23,,,Sophomore,Computer Science,202630,IL-Edgar,37767,,,16500,Y,N,N,N,N,White,M,N,N
638404,Y,No,IL,62434-2011,United States of America,3.9,32,,Senior,Computer Science,202430,IL-Clay,0,7395,14395,,Y,N,N,N,N,White,M,N,N
638407,Y,No,IL,61821-1410,United States of America,3.29,21,1060,Sophomore,Computer Science,202630,IL-Champaign,460,6945,15065,2000,Y,N,N,Y,N,Hispanic,M,N,N
638409,Y,No,IL,61920-2112,United States of America,3.58,25,1030,Sophomore,Computer Science,202530,IL-Coles,8201,,3120,1894.44,Y,N,N,N,N,White,M,N,N
638410,Y,Yes,IL,61920-3471,United States of America,,,,Junior,Mathematics,202490,,,,,,Y,N,Y,N,N,International,M,N,N
638412,Y,Yes,IL,61920-7660,United States of America,4,20,1040,Senior,MAT: Teacher Education,202490,IL-Coles,0,7395,20795,2665,Y,N,N,Y,N,White,M,N,N
638413,Y,No,IL,60411-6721,United States of America,3.32,,,Sophomore,Computer Science,202530,IL-Cook,0,7395,14675,,Y,N,N,Y,N,Hispanic,M,N,N
638415,Y,No,IL,60004-6733,United States of America,3.8,,,Freshman,Computer Science,202730,IL-Cook,,,,,Y,N,N,N,N,Black or African American,M,N,N
638417,Y,Yes,IL,60525-4980,United States of America,3.89,,,Junior,Computer Science,202530,IL-Cook,6025,1345,4045,4000,Y,Y,N,N,N,White,M,N,N
638421,Y,Yes,IL,60960-7123,United States of America,,,,Sophomore,Computer Science,202430,,0,7395,23070,0,N,N,N,Y,N,White,M,N,N
638422,Y,Yes,IL,60501-1317,United States of America,4,27,1260,Sophomore,Computer Science,202630,IL-Cook,3952,3445,11845,10041.33,Y,N,N,Y,N,Hispanic,F,N,N
638425,Y,Yes,IL,61832-2924,United States of America,3.82,29,1330,Senior,MAT: Teacher Education,202390,IL-Vermilion,21354,,,4526.5,Y,N,N,Y,N,White,M,N,N
638428,Y,Yes,IL,61821-2529,United States of America,3.81,20,1040,Junior,MAT: Teacher Education,202630,IL-Champaign,439,6945,10040.74,4202.24,Y,N,N,Y,N,Black or African American,F,N,N
638431,Y,Yes,IL,61880-9502,United States of America,3.97,24,1190,Junior,MAT: Teacher Education,202530,IL-Champaign,34698,,,4500,Y,N,N,N,N,White,M,N,N
638432,N,No,IL,61920-1895,United States of America,,21,,Sophomore,Computer Science,202590,IL-Coles,8843,,0,0,N,N,N,Y,N,White,M,N,N
638433,Y,No,IL,62401-2661,United States of America,3.97,22,1110,Junior,Computer Science,202430,IL-Effingham,0,7395,14675,,N,N,N,N,N,Multiple,M,N,N
638434,Y,Yes,IL,61938-9021,United States of America,4,25,,Senior,Computer Science,202530,IL-Coles,19659,,,11393.62,Y,N,N,N,N,Unknown/Not reported,M,N,N
638435,Y,No,IL,61920-4054,United States of America,,24,1160,Senior,Computer Science,202460,,0,7395,7395,3217.69,Y,N,N,N,N,Black or African American,F,N,N
638436,Y,No,,1000,Ethiopia,,,,Junior,"Computer Science, Mathematics",202530,,,,,29094.71,Y,N,Y,N,N,International,F,N,N
638437,Y,No,IL,61920-3361,United States of America,,,,Senior,Computer Science,202390,,,,,,Y,N,Y,N,N,International,F,N,N
638438,Y,No,IL,60008-3555,United States of America,4,22,1110,Freshman,Computer Science,202730,IL-Cook,2960,,,,Y,N,N,Y,N,Hispanic,M,N,N
638439,Y,Yes,IL,60411-4594,United States of America,3,18,970,Sophomore,Computer Science,202630,IL-Cook,0,7395,15235,2195,Y,N,N,Y,N,Black or African American,M,N,N
638440,Y,Yes,IL,62629-5069,United States of America,3.68,21,1080,Junior,Computer Science,202530,IL-Sangamon,4696,2745,10585,4000,Y,N,N,N,N,White,M,N,N
638441,Y,Yes,IL,61554-4932,United States of America,4,23,1150,Sophomore,MAT: Teacher Education,202630,IL-Mason,0,7395,18212,9186.6,Y,N,N,Y,N,White,F,N,N
638442,Y,No,IL,61822-2025,United States of America,4,,,Senior,Computer Science,202390,IL-Champaign,0,2773,5293,,Y,N,N,N,N,Asian,M,N,N
638443,Y,No,IL,60056-1075,United States of America,4,31,1410,Freshman,Mathematics,202730,IL-Cook,146478,,,,Y,N,N,N,N,Asian,M,N,N
638444,Y,No,IL,61822,United States of America,3.84,,,Senior,Mathematics,202430,IL-Champaign,,,,,Y,N,N,N,N,White,M,N,N
638445,Y,Yes,IL,61938-3204,United States of America,4,24,1180,Senior,Computer Science,202430,IL-Coles,3768,3645,10925,7750,Y,N,N,N,N,Hispanic,M,N,N
638447,Y,Yes,IL,62024-1642,United States of America,3.25,20,1050,Sophomore,Computer and Info Technology,202530,IL-Madison,0,7395,15795,,Y,N,N,Y,N,White,M,N,N
638448,Y,Yes,IL,61943-5279,United States of America,4,25,1220,Junior,Computer Science,202530,IL-Coles,4177,3245,10245,10828.71,Y,N,N,Y,N,Multiple,F,N,N
638449,Y,No,IL,61920-3834,United States of America,4,33,1460,Junior,Computer Science,202430,IL-Coles,,,,1500,Y,N,N,N,N,White,M,N,N
638450,Y,No,IL,61822-1459,United States of America,4,29,,Senior,Computer Science,202430,IL-Champaign,0,7395,15795,5268.9,Y,N,N,N,N,Unknown/Not reported,M,N,N
638451,Y,Yes,IL,60487-8618,United States of America,4,,,Junior,MAT: Teacher Education,202630,IL-Cook,90324,,,10549,Y,N,N,N,N,White,F,N,N
638452,Y,No,IL,62551-9714,United States of America,4,33,1480,Senior,Computer Science,202430,IL-Macon,2366,5045,11205,12750,Y,N,N,N,N,Unknown/Not reported,M,N,N
638453,Y,No,IL,62839-1837,United States of America,3.85,22,,Senior,MAT: Teacher Education,202430,IL-Clay,0,3698,9858,,Y,N,N,N,N,White,M,N,N
638457,N,No,IL,60640-6591,United States of America,,,,Sophomore,Computer Science,202590,,2407,3697,3697,0,N,N,N,N,N,Black or African American,M,N,N
638459,Y,Yes,IL,60056-4145,United States of America,3.15,26,1250,Junior,Mathematics,202530,IL-Cook,5670,1745,7370,3500,Y,N,N,N,N,Black or African American,F,N,N
638463,N,Yes,IL,62442-2748,United States of America,4,23,1140,Freshman,Computer Science,202830,IL-Clark,,,,,Y,N,N,N,N,White,F,Y,N
638464,Y,No,IL,61873-9749,United States of America,3.91,,,Junior,MAT: Teacher Education,202530,IL-Champaign,,,,2265.41,Y,N,N,N,N,White,F,N,N
638467,Y,No,IL,62075-1110,United States of America,3.31,16,900,Junior,Computer Science,202530,IL-Montgomery,20775,,,2800,Y,N,N,N,N,White,M,N,N
638470,Y,Yes,,10000,Viet Nam,,,,Junior,MAT: Teacher Education,202590,,,,,1716.48,N,N,Y,N,N,International,F,N,N
638471,Y,No,IL,60018-1235,United States of America,3.93,,,Freshman,MAT: Teacher Education,202730,IL-Cook,0,0,0,,Y,N,N,Y,N,Hispanic,F,N,N
638473,Y,No,IL,60004-3232,United States of America,3.44,25,1220,Freshman,MAT: Teacher Education,202730,IL-Cook,32240,,,,Y,N,N,N,N,White,M,N,N
638474,Y,Yes,IL,61571-2805,United States of America,4,27,1280,Senior,MAT: Teacher Education,202430,IL-Tazewell,16807,,,27149.71,Y,N,N,Y,N,White,F,N,N
638476,Y,Yes,IL,60108-1930,United States of America,3.32,,,Junior,MAT: Teacher Education,202530,IL-Dupage,3395,4045,12445,7670.93,Y,N,N,Y,N,Hispanic,M,N,N
638478,Y,Yes,IL,60007-1838,United States of America,3.46,17,930,Sophomore,MAT: Teacher Education,202630,IL-Cook,18,7345,15465,2500,Y,N,N,Y,N,White,F,N,N
638479,Y,No,IL,60637-3312,United States of America,3.29,21,1060,Junior,Computer Science,202430,IL-Cook,0,,7280,,N,N,N,N,N,Black or African American,M,N,N
638480,N,No,IL,61530-1481,United States of America,3.47,24,1190,Sophomore,Computer Science,202630,IL-Woodford,,,,,Y,N,N,N,N,White,M,N,Y
638482,Y,No,IL,61920-3361,United States of America,,,,Senior,Computer Science,202430,,,,,,Y,N,Y,N,N,International,F,N,N
648069,Y,Yes,IL,61938-9373,United States of America,3.65,22,1120,Freshman,Computer Science,202730,IL-Coles,0,7395,15795,5300,Y,N,N,Y,N,White,M,N,N
648080,Y,Yes,IL,61822-7650,United States of America,3.71,,,Freshman,Computer Science,202730,IL-Champaign,46419,,,8000,Y,N,N,N,N,White,M,N,N
648086,N,No,IL,60047-5282,United States of America,4,34,,Freshman,Mathematics,202830,IL-Lake,,,,,Y,N,N,N,N,Unknown/Not reported,F,Y,N
648094,N,No,IL,62702-2922,United States of America,4,19,1010,Freshman,MAT: Teacher Education,202830,IL-Sangamon,,,,,Y,N,N,Y,N,White,M,Y,N
648097,N,No,IL,60563-1818,United States of America,4,27,1270,Freshman,Mathematics,202830,IL-Dupage,,,,,Y,N,N,N,N,Black or African American,F,Y,N
648100,Y,Yes,IL,62670-4534,United States of America,3.74,28,1320,Junior,Computer Science,202530,IL-Sangamon,12848,,11372.24,3500,Y,N,N,Y,N,White,M,N,N
648102,N,No,IL,60652-2948,United States of America,3.12,,,Freshman,Computer Science,202830,IL-Cook,,,,,Y,N,N,N,N,Hispanic,M,Y,N
648106,Y,No,IL,60089-4171,United States of America,4,,,Freshman,MAT: Teacher Education,202830,IL-Cook,,,,,Y,N,N,Y,N,White,F,N,N
648109,Y,No,IL,60056-3428,United States of America,3.39,,,Freshman,MAT: Teacher Education,202830,IL-Cook,,,,,Y,N,N,Y,N,White,M,Y,N
648113,N,No,IL,60455-2213,United States of America,4,24,1200,Freshman,Mathematics,202830,IL-Cook,,,,,Y,N,N,Y,N,White,F,Y,N
648115,N,No,IL,62226-5418,United States of America,3.1,15,840,Freshman,Computer Science,202830,IL-Saint Clair,,,,,Y,N,N,N,N,Black or African American,M,Y,N
648119,Y,No,IL,60004-2390,United States of America,4,31,1400,Freshman,Computer Science,202730,IL-Cook,,,,,Y,N,N,N,N,Asian,F,N,N
648122,Y,Yes,AL,35802-4023,United States of America,3.3,16,,Freshman,Computer Science,202730,,,,,2000,Y,N,N,N,N,Black or African American,F,N,N
648124,N,No,IL,61761-5658,United States of America,4,32,1370,Freshman,Computer Science,202830,IL-McLean,,,,,Y,N,N,N,N,White,M,N,N
648127,N,No,IL,60954-1049,United States of America,4,23,1130,Freshman,Computer Science,202830,IL-Kankakee,,,,,Y,N,N,N,N,White,M,Y,N
648128,N,No,IL,60074-3261,United States of America,3.7,21,1070,Freshman,Computer Science,202830,IL-Cook,,,,,Y,N,N,Y,N,Hispanic,F,Y,N
648130,N,No,IL,60629-3643,United States of America,4,18,960,Freshman,Computer Science,202830,IL-Cook,,,,,Y,N,N,N,N,Hispanic,F,Y,N
648132,Y,No,IN,47885-9150,United States of America,3.02,24,1190,Freshman,Computer Science,202830,,,,,,Y,N,N,N,N,White,M,Y,N
648133,N,No,IL,62035-2375,United States of America,4,23,1150,Freshman,Mathematics,202830,IL-Madison,,,,,Y,N,N,Y,N,White,F,Y,N
648135,Y,Yes,WI,54245-9761,United States of America,3.59,26,,Sophomore,Computer Science,202530,,48311,,,,Y,N,N,Y,N,White,M,N,N
648137,Y,Yes,IL,61801-1046,United States of America,,,,Sophomore,Mathematics,202630,,,,,1358.8,Y,N,Y,N,N,International,M,N,N
648139,N,No,IL,60440-2602,United States of America,3.32,,,Freshman,Computer Science,202830,IL-Will,,,,,Y,N,N,Y,N,Black or African American,M,Y,N
648143,N,No,WI,53719-4411,United States of America,4,32,,Freshman,Computer Science,202830,,,,,,Y,N,N,N,N,Multiple,M,Y,N
648146,N,No,IL,60423-7883,United States of America,3.78,,,Freshman,Computer Science,202830,IL-Will,,,,,Y,N,N,N,N,White,M,Y,N
648150,N,No,IA,50023-1266,United States of America,3.33,,,Freshman,Mathematics,202830,IA-Polk,,,,,Y,N,N,N,N,Hispanic,M,Y,N
648154,N,Yes,IL,60123-4945,United States of America,3.76,19,1010,Freshman,Computer Science,202830,IL-Kane,,,,,Y,N,N,Y,N,Hispanic,M,Y,N
648157,N,No,IN,46112-5633,United States of America,3.55,15,860,Freshman,Computer Science,202830,,,,,,Y,N,N,N,N,Black or African American,M,Y,N
648161,N,No,IL,60177-3261,United States of America,4,,,Freshman,Computer Science,202830,IL-Kane,,,,,Y,N,N,N,N,White,M,Y,N
648163,N,No,IL,60617-6051,United States of America,4,,,Freshman,Computer Science,202830,IL-Cook,,,,,Y,N,N,Y,N,Hispanic,M,Y,N
648167,Y,No,IL,62563-9203,United States of America,3.51,27,1260,Freshman,Computer Science,202530,,0,7395,15235,3000,Y,N,N,N,N,White,M,N,N
648168,N,No,IL,60564-4941,United States of America,4,31,1410,Freshman,Computer Science,202830,IL-Dupage,,,,,Y,N,N,N,N,Asian,M,Y,N
648171,N,No,IL,60707-2244,United States of America,3.18,,,Freshman,Computer Science,202830,IL-Cook,,,,,Y,N,N,N,N,Hispanic,F,Y,N
648172,N,No,IL,60643-3831,United States of America,4,,,Freshman,Computer Science,202830,IL-Cook,,,,,Y,N,N,N,N,Black or African American,M,Y,N
648175,N,No,IL,62675-7547,United States of America,4,27,1210,Freshman,Mathematics,202830,IL-Menard,,,,,Y,N,N,N,N,White,M,Y,N
648177,Y,Yes,IL,61820-2468,United States of America,3.76,30,,Senior,Computer Science,202430,IL-Washington,5130,2245,8965,,Y,N,N,N,N,White,M,N,N
648180,Y,No,IL,60007-3432,United States of America,4,,,Freshman,Computer Science,202830,IL-Cook,,,,,Y,N,N,Y,N,Multiple,M,Y,N
648183,N,Yes,IL,60411-1066,United States of America,3.89,,,Freshman,Mathematics,202830,IL-Cook,,,,,Y,N,N,N,N,Black or African American,F,Y,N
648186,N,No,IL,60542-1002,United States of America,4,33,1480,Freshman,MAT: Teacher Education,202830,IL-Kane,,,,,Y,N,N,N,N,White,F,Y,N
648190,N,No,IL,62226-7485,United States of America,3.33,18,960,Freshman,Computer Science,202830,IL-Saint Clair,,,,,Y,N,N,N,N,Black or African American,F,Y,N
648194,N,No,IL,60565-3559,United States of America,3.07,26,1240,Freshman,Mathematics,202830,IL-Dupage,,,,,Y,N,N,N,N,White,M,Y,N
648198,N,No,IL,62060-1546,United States of America,4,21,1080,Freshman,Computer Science,202830,IL-Madison,,,,,Y,N,N,N,N,Black or African American,F,Y,N
648200,N,Yes,IL,62467-3355,United States of America,3.84,26,1230,Freshman,MAT: Teacher Education,202830,IL-Effingham,,,,,Y,N,N,N,N,White,M,Y,N
648202,N,No,IL,62424-2614,United States of America,3.69,23,1130,Freshman,Computer Science,202830,IL-Effingham,,,,,Y,N,N,Y,N,White,F,Y,N
648205,N,No,IL,60148-5006,United States of America,3.71,28,1320,Freshman,Computer Science,202830,IL-Dupage,,,,,Y,N,N,N,N,Multiple,M,Y,N
648208,N,No,IL,60484-3212,United States of America,3.81,,,Freshman,Computer Science,202830,IL-Will,,,,,Y,N,N,Y,N,Black or African American,M,Y,N
648211,Y,Yes,IL,60012-1715,United States of America,3.26,,,Senior,Mathematics,202530,IL-McHenry,66600,,,4000,Y,N,N,Y,N,White,M,N,N
648214,Y,No,IL,61920-3124,United States of America,3.1,19,1010,Freshman,Computer Science,202730,IL-Coles,0,7395,15515,2000,Y,N,N,Y,N,Black or African American,M,N,N
648217,Y,No,IL,60090-5063,United States of America,3.55,25,1210,Freshman,Computer Science,202830,IL-Cook,,,,,Y,N,N,Y,N,Hispanic,M,Y,N
648220,N,No,IL,62450-3004,United States of America,,,,Sophomore,Computer Science,202630,IL-Kane,,,,,N,N,N,Y,N,Asian,M,N,Y
648222,N,No,IL,60103-1393,United States of America,4,31,1390,Freshman,MAT: Teacher Education,202830,IL-Kane,,,,,Y,N,N,N,N,White,F,Y,N
648225,N,Yes,IL,60643-1719,United States of America,4,26,1240,Freshman,Computer Science,202830,IL-Cook,,,,,Y,N,N,N,N,Black or African American,M,Y,N
648227,N,No,IL,60452-1837,United States of America,4,22,1170,Freshman,MAT: Teacher Education,202830,IL-Cook,,,,,Y,N,N,Y,N,White,F,Y,N
648231,N,No,IL,60516-7118,United States of America,4,25,1220,Freshman,MAT: Teacher Education,202830,IL-Cook,,,,,Y,N,N,N,N,White,F,Y,N
648234,N,No,IL,60423-5146,United States of America,4,26,1240,Freshman,Computer Science,202830,IL-Will,,,,,Y,N,N,N,N,White,F,Y,N
648236,N,No,MO,63107-3857,United States of America,3.21,,,Freshman,Computer Science,202830,,,,,,Y,N,N,N,N,Black or African American,M,Y,N
648241,N,No,IL,61821-3228,United States of America,3.86,33,1420,Freshman,Mathematics,202830,IL-Coles,,,,,Y,N,N,N,N,Hispanic,M,Y,N
648246,Y,No,IL,60425-1705,United States of America,3.92,20,1050,Freshman,Mathematics,202830,IL-Cook,,,,,Y,N,N,N,N,Black or African American,M,Y,N
648252,N,No,IL,60632-2507,United States of America,4,22,1100,Freshman,Computer Science,202830,IL-Cook,,,,,Y,N,N,Y,N,Asian,M,Y,N
648257,N,No,IL,60516-3209,United States of America,4,27,1280,Freshman,Computer Science,202830,IL-Dupage,,,,,Y,N,N,N,N,White,M,Y,N
648261,N,No,IL,60417-2002,United States of America,4,,,Freshman,Computer Science,202830,IL-Will,,,,,Y,N,N,Y,N,White,F,Y,N
648265,N,No,IL,60192-1030,United States of America,3.44,,,Freshman,Computer Science,202830,IL-Lake,,,,,Y,N,N,N,N,White,M,Y,N
648269,N,No,IL,60085-3962,United States of America,4,19,1010,Freshman,Computer Science,202830,IL-Lake,,,,,Y,N,N,Y,N,Hispanic,M,Y,N
648273,Y,No,IL,61832-6114,United States of America,3.5,13,770,Freshman,Computer and Info Technology,202730,IL-Vermilion,0,7395,15795,2800,Y,N,N,Y,N,Black or African American,F,N,N
648277,Y,Yes,IL,62979-1364,United States of America,4,,,Senior,Mathematics,202530,IL-Gallatin,26800,,,9300,Y,N,N,N,N,White,M,N,N
648279,N,No,IL,60564-1182,United States of America,3.83,22,1110,Freshman,Computer Science,202830,IL-Kane,,,,,Y,N,N,N,N,Asian,M,Y,N
648281,Y,No,IL,61856-8060,United States of America,3.95,33,,Freshman,Computer Science,202730,IL-Piatt,,,,,Y,N,N,N,N,White,F,N,N
648285,Y,Yes,IL,61818-4309,United States of America,3.79,,,Junior,Computer Science,202730,IL-Piatt,18828,,,3300,Y,N,N,N,N,White,M,N,N
648289,Y,Yes,IL,60056-1518,United States of America,4,34,1510,Freshman,MAT: Teacher Education,202830,IL-Cook,,,,,Y,N,N,N,N,White,F,Y,N
648292,N,Yes,IL,60805-3228,United States of America,3.15,16,900,Freshman,MAT: Teacher Education,202830,IL-Cook,,,,,Y,N,N,N,N,Hispanic,F,Y,N
648294,Y,No,IL,60070-1028,United States of America,3.9,30,1360,Freshman,Computer Science,202730,IL-Cook,,,,,Y,N,N,Y,N,White,M,N,N
648297,N,No,IL,60445-2658,United States of America,4,21,1080,Freshman,Computer Science,202830,IL-Cook,,,,,Y,N,N,N,N,White,M,Y,N
648301,Y,No,IL,60016-2465,United States of America,4,,,Freshman,Computer Science,202830,IL-Cook,,,,,Y,N,N,N,N,White,F,Y,N
648305,N,No,IL,60471-2053,United States of America,3.42,,,Freshman,Computer Science,202830,IL-Cook,,,,,Y,N,N,Y,N,Black or African American,F,Y,N
648309,N,No,IL,60099-1767,United States of America,3.49,,,Freshman,MAT: Teacher Education,202830,IL-Lake,,,,,Y,N,N,Y,N,Hispanic,M,Y,N
648313,N,No,IL,60048-2501,United States of America,3.56,27,1290,Freshman,Computer Science,202830,IL-Lake,,,,,Y,N,N,N,N,Asian,M,Y,N
648316,N,No,IL,60510-9511,United States of America,4,32,1430,Freshman,Computer Science,202830,IL-Kane,,,,,Y,N,N,N,N,White,M,Y,N
648319,Y,No,IL,60462-2623,United States of America,3.37,,,Sophomore,Computer Science,202530,IL-Cook,2788,4645,12205,,Y,N,N,Y,N,White,M,N,N
648323,N,No,IL,60438-1627,United States of America,3.56,,,Freshman,Mathematics,202830,IL-Cook,,,,,Y,N,N,N,N,Black or African American,M,Y,N
648327,Y,Yes,IL,61953-2020,United States of America,3.65,25,1210,Freshman,Computer Science,202730,IL-Douglas,11657,,1886,3150,Y,N,N,Y,N,White,M,N,N
648329,N,No,MN,55311-4417,United States of America,3.15,,,Freshman,Computer Science,202830,,,,,,Y,N,N,N,N,Black or African American,M,Y,N
648333,Y,No,IL,60004-3236,United States of America,4,31,1390,Freshman,MAT: Teacher Education,202830,IL-Cook,,,,,Y,N,N,N,N,Hispanic,M,Y,N
648336,Y,No,IL,60016-2240,United States of America,3.19,20,1050,Freshman,Computer Science,202830,IL-Cook,,,,,Y,N,N,Y,N,White,M,Y,N
648340,N,No,IL,60538-4051,United States of America,3.33,,,Freshman,Computer Science,202830,IL-Kendall,,,,,Y,N,N,N,N,Hispanic,M,Y,N
648342,N,Yes,IL,60655-2007,United States of America,4,,,Freshman,MAT: Teacher Education,202830,IL-Cook,,,,,Y,N,N,N,N,White,M,Y,N
648344,N,Yes,IL,62401-5105,United States of America,3.14,,,Freshman,Computer and Info Technology,202830,IL-Effingham,,,,,Y,N,N,N,N,White,M,Y,N
648348,N,No,IL,61745-8926,United States of America,3.52,,,Freshman,Computer Science,202830,IL-McLean,,,,,Y,N,N,Y,N,White,F,Y,N
648351,Y,Yes,IL,62568-1659,United States of America,4,21,1080,Freshman,MAT: Teacher Education,202730,IL-Christian,4967,2445,13867,5000,Y,N,N,N,N,White,M,N,N
648353,Y,Yes,IL,62401,United States of America,3.99,26,1220,Sophomore,Mathematics,202730,IL-Effingham,2201,5145,14545,9285.71,Y,N,N,N,N,White,F,N,N
648357,Y,No,IL,60007-1404,United States of America,4,,,Freshman,Computer Science,202830,IL-Cook,,,,,Y,N,N,N,N,White,F,Y,N
648360,Y,No,IL,60056-1938,United States of America,3.68,,,Freshman,Computer Science,202730,IL-Cook,2639,,,,Y,N,N,N,N,Asian,M,N,N
648364,N,No,IL,60617-6402,United States of America,3.4,,,Freshman,Computer Science,202830,IL-Cook,,,,,Y,N,N,Y,N,Hispanic,M,Y,N
648369,N,No,IL,62948-3731,United States of America,3.45,24,1170,Freshman,Computer Science,202730,IL-Williamson,32362,,,2300,Y,N,N,N,N,White,M,N,N
648375,N,No,IL,62694-1107,United States of America,3.76,17,950,Freshman,Computer Science,202830,IL-Scott,,,,,Y,N,N,N,N,Hispanic,F,Y,N
648377,N,No,IL,61020-9420,United States of America,3.96,21,1160,Freshman,Mathematics,202830,IL-Ogle,,,,,Y,N,N,N,N,White,M,Y,N
648381,N,No,IL,62448-3911,United States of America,3.27,14,790,Freshman,Computer Science,202830,IL-Jasper,,,,,Y,N,N,N,N,White,F,Y,N
648385,Y,No,IL,60586-6680,United States of America,4,21,1090,Freshman,Computer Science,202730,IL-Will,8181,,6150,5800,Y,N,N,N,N,White,M,N,N
648389,N,No,IL,60652-3330,United States of America,3.36,,,Freshman,Computer Science,202830,IL-Cook,,,,,Y,N,N,Y,N,Black or African American,M,Y,N
648391,Y,No,IL,61920-4014,United States of America,,,,Freshman,Mathematics,202690,,,,,,Y,N,Y,N,N,International,M,N,N
648398,Y,Yes,IL,62650-1346,United States of America,3.49,15,860,Freshman,MAT: Teacher Education,202830,IL-Morgan,,,,,Y,N,N,Y,N,White,F,Y,N
648400,N,No,IL,60030-3419,United States of America,4,35,1550,Freshman,Computer Science,202830,IL-Lake,,,,,Y,N,N,N,N,Unknown/Not reported,M,Y,N
648405,Y,No,IL,60805-1538,United States of America,3.58,19,990,Freshman,Computer Science,202730,IL-Cook,29913,,,8083.84,Y,N,N,N,N,Hispanic,M,N,N
648409,Y,No,IL,60005-1337,United States of America,3.46,,,Freshman,Computer Science,202730,IL-Cook,0,,,,Y,N,N,N,N,White,M,N,N
648411,Y,Yes,,500088,India,,,,Senior,Computer Science,202430,,,,,,Y,N,Y,N,N,International,M,N,N
648415,N,No,IL,61773-9656,United States of America,3.74,25,1210,Freshman,Computer Science,202830,IL-Ford,,,,,Y,N,N,N,N,White,M,Y,N
648417,N,No,IL,60411-7535,United States of America,4,21,1090,Freshman,Computer Science,202830,IL-Cook,,,,,Y,N,N,N,N,Black or African American,M,Y,N
648419,N,No,IL,62088-4170,United States of America,3.21,20,1030,Freshman,Computer Science,202830,IL-Macoupin,,,,,Y,N,N,Y,N,White,M,Y,N
648425,N,No,IL,61614-3834,United States of America,3.55,17,950,Freshman,Computer Science,202830,IL-Peoria,,,,,Y,N,N,Y,N,Black or African American,M,Y,N
648430,Y,No,IL,60070-1424,United States of America,3.57,26,1230,Freshman,MAT: Teacher Education,202730,IL-Cook,56052,,,,Y,N,N,N,N,White,F,N,N
648433,Y,Yes,IL,62450-1112,United States of America,3.38,16,910,Freshman,MAT: Teacher Education,202730,IL-Richland,2434,4945,14671,2000,Y,N,N,Y,N,White,F,N,N
648437,Y,Yes,IL,61920-3633,United States of America,4,31,1390,Sophomore,Computer Science,202730,IL-Coles,16000,,1000,15800,Y,N,N,N,N,White,M,N,N
648442,N,Yes,IL,60081-8827,United States of America,3.86,34,1500,Freshman,Mathematics,202830,IL-McHenry,,,,,Y,N,N,N,N,White,M,Y,N
648445,N,No,IL,60192-1304,United States of America,3.42,25,1200,Freshman,Computer Science,202830,IL-Cook,,,,,Y,N,N,N,N,White,M,Y,N
648447,N,No,IL,60411-1150,United States of America,3.36,14,820,Freshman,MAT: Teacher Education,202830,IL-Cook,,,,,Y,N,N,Y,N,Hispanic,F,Y,N
648449,N,No,IL,60110-3008,United States of America,4,29,1350,Freshman,Computer Science,202830,IL-Kane,,,,,Y,N,N,N,N,Unknown/Not reported,F,Y,N
652577,N,Yes,IL,60429-2406,United States of America,3.98,,,Freshman,Mathematics,202830,IL-Cook,,,,,Y,N,N,N,N,Black or African American,F,Y,N
652578,N,Yes,IN,46074-4448,United States of America,3.83,27,1280,Freshman,Computer Science,202830,,,,,,Y,N,N,N,N,White,M,Y,N
653822,N,No,IN,46368-1878,United States of America,4,,,Freshman,Computer Science,202830,,,,,,Y,N,N,N,N,Hispanic,M,Y,N
653823,N,Yes,IL,60649-3813,United States of America,4,21,1090,Freshman,Computer Science,202830,IL-Cook,,,,,Y,N,N,N,N,Black or African American,M,Y,N
653824,N,No,IL,61761-2334,United States of America,4,30,1360,Freshman,Computer Science,202830,IL-McLean,,,,,Y,N,N,N,N,White,M,Y,N
653825,Y,No,IL,60438-3892,United States of America,3.09,18,970,Freshman,Computer Science,202830,IL-Cook,,,,,Y,N,N,Y,N,Black or African American,M,Y,N
654559,Y,No,IL,60018-1135,United States of America,4,28,1320,Freshman,Computer Science,202830,IL-Cook,,,,,Y,N,N,Y,N,Asian,M,Y,N
654651,Y,No,IL,60056-1404,United States of America,3.66,20,1050,Freshman,Computer Science,202830,IL-Cook,,,,,Y,N,N,Y,N,Asian,M,Y,N
654652,N,No,IL,60914-4715,United States of America,4,27,1260,Freshman,Mathematics,202830,IL-Kankakee,,,,,Y,N,N,Y,N,Asian,F,Y,N
655837,N,No,IL,60061-3237,United States of America,3.66,32,1440,Freshman,Mathematics,202830,IL-Lake,,,,,Y,N,N,N,N,Unknown/Not reported,M,Y,N
655838,N,Yes,IL,60050-5422,United States of America,3.79,29,1350,Freshman,Computer Science,202830,IL-McHenry,,,,,Y,N,N,N,N,White,M,Y,N
655839,N,No,IL,61571-4032,United States of America,3.73,24,1180,Freshman,Computer Science,202830,IL-Tazewell,,,,,Y,N,N,N,N,White,M,Y,N
655840,N,No,IN,46237-9664,United States of America,3.54,,,Freshman,Computer Science,202830,IN-Marion,,,,,Y,N,N,Y,N,White,M,Y,N
655841,N,No,IL,60192-4132,United States of America,4,31,1390,Freshman,Computer Science,202830,IL-Lake,89727,,,,Y,N,N,N,N,Asian,M,Y,N
655842,Y,Yes,IL,62448-1664,United States of America,3.91,20,1050,Sophomore,Elementary Education,202730,IL-Jasper,2888,4545,16350,8300,Y,N,N,Y,N,White,F,N,N
655843,N,Yes,IL,60174-8758,United States of America,4,34,1490,Freshman,Computer Science,202830,IL-Kane,,,,,Y,N,N,N,N,Asian,M,Y,N
655844,N,Yes,IL,60189-7862,United States of America,4,33,,Freshman,Computer Science,202830,IL-Dupage,,,,,Y,N,N,N,N,Hispanic,F,Y,N
656513,Y,Yes,IL,62201-1345,United States of America,3.06,,,Freshman,Computer Science,202830,IL-Saint Clair,,,,,Y,N,N,N,N,Black or African American,M,Y,N
656514,N,No,IL,60140-9153,United States of America,3.15,17,930,Freshman,Computer Science,202830,IL-Kane,,,,,Y,N,N,N,N,White,M,Y,N
656515,Y,No,IL,60018-2556,United States of America,3.76,23,1130,Freshman,Computer Science,202830,IL-Cook,,,,,Y,N,N,Y,N,Hispanic,M,Y,N
656516,N,Yes,IL,60804-2637,United States of America,3.35,,,Sophomore,Computer Science,202630,IL-Cook,,,,,Y,N,N,Y,N,Hispanic,M,N,Y
656951,Y,No,IL,60090-4410,United States of America,3.62,25,1200,Freshman,Computer Science,202830,IL-Cook,,,,,Y,N,N,Y,N,Asian,M,Y,N
657119,Y,No,IL,60090-3054,United States of America,4,,,Freshman,Computer Science,202830,IL-Cook,,,,,Y,N,N,N,N,Asian,M,Y,N
657120,N,No,IL,60174-4673,United States of America,4,27,1290,Freshman,Computer Science,202830,IL-Kane,,,,,Y,N,N,N,N,White,M,Y,N
657619,Y,No,,500098,India,,,,Senior,Computer Science,202430,,,,,,Y,N,Y,N,N,International,M,N,N
657620,N,No,IL,60010-6001,United States of America,3.79,,,Freshman,MAT: Teacher Education,202830,IL-Lake,,,,,Y,N,N,N,N,White,M,Y,N
657621,N,No,IL,60608-2814,United States of America,4,,,Freshman,Computer Science,202830,IL-Cook,,,,,Y,N,N,Y,N,Hispanic,F,Y,N
657622,N,No,IL,60623-4122,United States of America,4,18,970,Freshman,Computer Science,202830,IL-Cook,,,,,Y,N,N,Y,N,Hispanic,M,Y,N
657623,N,No,IL,60471-1867,United States of America,3.34,18,,Freshman,Computer Science,202830,IL-Cook,483,,,,Y,N,N,N,N,Black or African American,M,Y,N
657980,N,No,IL,62617-7114,United States of America,3.86,19,990,Freshman,Computer Science,202830,IL-Mason,,,,,Y,N,N,Y,N,White,F,Y,N
657981,Y,No,IL,60004-3704,United States of America,3.85,32,1420,Freshman,Computer Science,202830,IL-Cook,,,,,Y,N,N,Y,N,White,M,Y,N
659404,Y,No,IL,60004-4802,United States of America,3.17,23,1150,Freshman,Computer Science,202830,IL-Cook,,,,,Y,N,N,Y,N,Black or African American,M,Y,N
659406,N,No,IL,60554-4200,United States of America,4,24,1160,Freshman,Mathematics,202830,IL-Kane,,,,,Y,N,N,N,N,White,M,Y,N
659407,Y,No,IL,60056-2557,United States of America,4,28,1300,Freshman,Computer Science,202830,IL-Cook,,,,,Y,N,N,Y,N,Asian,F,Y,N
659408,Y,No,IL,60089-4305,United States of America,3.97,32,1440,Freshman,Mathematics,202830,IL-Cook,,,,,Y,N,N,N,N,White,F,Y,N
659410,N,No,IL,60435-1580,United States of America,3.66,18,980,Freshman,Computer Science,202830,IL-Will,,,,,Y,N,N,Y,N,Asian,M,Y,N
659413,Y,No,IL,60004-3013,United States of America,3.5,30,1380,Freshman,Computer Science,202830,IL-Cook,,,,,Y,N,N,N,N,White,M,Y,N
659415,N,No,IL,60644-3948,United States of America,3.64,,,Freshman,Computer Science,202830,IL-Cook,,,,,Y,N,N,N,N,Black or African American,M,Y,N
659417,N,No,IL,60804-4124,United States of America,4,30,,Freshman,Computer Science,202830,IL-Cook,,,,,Y,N,N,Y,N,Hispanic,M,Y,N
659419,N,No,IL,61820-7634,United States of America,4,33,1450,Freshman,Mathematics,202830,IL-Champaign,,,,,Y,N,N,N,N,Multiple,F,Y,N
659420,N,No,IL,60060-3937,United States of America,3.83,,,Freshman,Mathematics,202830,IL-Lake,,,,,Y,N,N,Y,N,Hispanic,M,Y,N
659422,N,No,IL,60517-1437,United States of America,3.29,,,Freshman,Computer Science,202830,IL-Dupage,,,,,Y,N,N,N,N,White,M,Y,N
659424,N,No,IL,60623-4740,United States of America,3.3,,,Freshman,Computer Science,202830,IL-Cook,,,,,Y,N,N,Y,N,Hispanic,M,Y,N
660275,N,No,IL,60629-3848,United States of America,3.57,20,1050,Freshman,Computer Science,202830,IL-Cook,,,,,Y,N,N,Y,N,Hispanic,M,Y,N
660276,N,No,IL,60629-2927,United States of America,3.9,17,950,Freshman,Computer Science,202830,IL-Cook,,,,,Y,N,N,Y,N,Hispanic,M,Y,N
660277,N,No,IL,60616-4015,United States of America,4,,,Freshman,Computer Science,202830,IL-Cook,,,,,Y,N,N,N,N,Black or African American,M,Y,N
660278,N,No,IL,60619-7426,United States of America,3.29,,,Freshman,Computer Science,202830,IL-Cook,,,,,Y,N,N,Y,N,Black or African American,M,Y,N
660279,N,No,IL,60634-5215,United States of America,3.51,10,620,Freshman,Computer Science,202830,IL-Cook,,,,,Y,N,N,Y,N,Hispanic,M,Y,N
660280,N,No,IL,60501-1416,United States of America,3.44,,,Freshman,Computer Science,202830,IL-Cook,,,,,Y,N,N,Y,N,Hispanic,M,Y,N
660281,N,No,IL,60178-8755,United States of America,3.55,,,Freshman,Computer Science,202830,IL-Dekalb,,,,,Y,N,N,N,N,White,M,Y,N
660282,N,No,IL,60617-3003,United States of America,3.41,15,860,Freshman,Computer Science,202830,IL-Cook,,,,,Y,N,N,Y,N,Black or African American,F,Y,N
660283,N,No,IL,60564-3190,United States of America,4,31,1410,Freshman,Computer Science,202830,IL-Dupage,,,,,Y,N,N,N,N,Asian,F,Y,N
660645,N,No,IL,60142-2349,United States of America,3.07,,,Freshman,Computer Science,202830,IL-McHenry,,,,,Y,N,N,Y,N,Hispanic,M,Y,N
660646,N,No,IL,62535-9507,United States of America,3.62,26,1230,Freshman,Computer Science,202830,IL-Macon,,,,,Y,N,N,N,N,White,M,Y,N
661039,N,No,IL,62467-3438,United States of America,3.63,27,1280,Freshman,Computer Science,202830,IL-Effingham,,,,,Y,N,N,N,N,White,M,Y,N
661040,N,Yes,IL,62881-3656,United States of America,4,31,1400,Freshman,Computer Science,202830,IL-Marion,,,,,Y,N,N,Y,N,Unknown/Not reported,F,N,N
661041,N,No,IL,60102-5116,United States of America,4,27,1270,Freshman,Computer Science,202830,IL-Kane,,,,,Y,N,N,Y,N,Multiple,M,Y,N
662331,N,No,IL,61852-1013,United States of America,3.43,16,880,Freshman,MAT: Teacher Education,202830,IL-Champaign,,,,,Y,N,N,Y,N,White,F,Y,N
662332,N,Yes,IL,60142-7192,United States of America,3.43,24,1160,Freshman,Computer Science,202830,IL-McHenry,,,,,Y,N,N,Y,N,Black or African American,M,Y,N
662333,N,No,IL,60706-3030,United States of America,3.05,,,Freshman,Computer Science,202830,IL-Cook,,,,,Y,N,N,Y,N,Asian,M,Y,N
662334,N,Yes,IL,62269-7199,United States of America,3.46,28,1170,Freshman,Computer Science,202830,IL-Saint Clair,,,,,Y,N,N,N,N,White,F,Y,N
662335,N,No,IL,60014-5832,United States of America,4,29,1330,Freshman,Computer Science,202830,IL-McHenry,,,,,Y,N,N,N,N,White,M,Y,N
662336,N,Yes,IL,60185-3541,United States of America,4,24,1190,Freshman,MAT: Teacher Education,202830,IL-Dupage,,,,,Y,N,N,Y,N,Hispanic,M,Y,N
662337,N,No,IL,60409-2348,United States of America,3.68,,,Freshman,Computer Science,202830,IL-Cook,,,,,Y,N,N,N,N,Black or African American,F,Y,N
662338,N,No,IL,60446-3981,United States of America,3.4,,,Freshman,Computer Science,202830,IL-Will,,,,,Y,N,N,Y,N,White,F,Y,N
662339,N,No,IL,60435-6324,United States of America,3.02,22,1110,Freshman,Computer Science,202830,IL-Will,,,,,Y,N,N,Y,N,Hispanic,F,Y,N
662340,N,Yes,IL,61910-1003,United States of America,3.78,15,860,Freshman,Computer Science,202830,IL-Douglas,,,,,Y,N,N,Y,N,White,M,Y,N
662341,N,No,IL,60484-2810,United States of America,3.26,,,Freshman,Computer Science,202830,IL-Will,,,,,Y,N,N,N,N,Black or African American,F,Y,N
662342,N,No,IL,61910-2033,United States of America,3.59,17,940,Freshman,Computer Science,202830,IL-Douglas,,,,,Y,N,N,Y,N,White,M,Y,N
662343,N,No,IL,60617-2922,United States of America,3.1,,,Freshman,Computer Science,202830,IL-Cook,,,,,Y,N,N,Y,N,Black or African American,M,Y,N
662344,N,No,IL,60435-2619,United States of America,3.85,,,Freshman,MAT: Teacher Education,202830,IL-Will,,,,,Y,N,N,Y,N,Hispanic,F,Y,N
662345,N,No,IL,60142-2433,United States of America,4,30,1370,Freshman,Computer Science,202830,IL-McHenry,,,,,Y,N,N,N,N,White,M,Y,N
662346,N,No,IL,60655-1919,United States of America,3.4,19,990,Freshman,Computer Science,202830,IL-Cook,,,,,Y,N,N,N,N,Black or African American,F,Y,N
662347,N,No,MO,63782-8137,United States of America,4,,,Freshman,Computer Science,202830,,,,,,Y,N,N,Y,N,White,F,Y,N
662348,N,No,MI,49202-3562,United States of America,4,,,Freshman,Mathematics,202830,,,,,,Y,N,N,Y,N,White,F,Y,N
662349,Y,Yes,IL,62474,United States of America,4,32,,PostGraduate,Mathematics,202590,IL-Clark,9187,,,,Y,N,N,N,N,White,F,N,N
662565,Y,No,IL,61913-7008,United States of America,3.38,23,1140,Freshman,MAT: Teacher Education,202830,IL-Douglas,,,,,Y,N,N,N,N,White,F,Y,N
662695,N,No,IL,60632-3019,United States of America,4,22,1100,Freshman,Computer Science,202830,IL-Cook,,,,,Y,N,N,Y,N,Hispanic,F,Y,N
662696,N,No,IL,60124-7979,United States of America,4,21,1060,Freshman,Computer Science,202830,IL-Kane,,,,,Y,N,N,Y,N,Hispanic,F,Y,N
662748,N,No,IL,60048-1103,United States of America,3.7,30,1370,Freshman,Computer Science,202830,IL-Lake,,,,,Y,N,N,N,N,Asian,M,Y,N
663373,Y,No,IL,60005-3372,United States of America,3.83,,,Freshman,MAT: Teacher Education,202830,IL-Cook,,,,,Y,N,N,N,N,White,F,Y,N
663374,N,No,IL,60056-5643,United States of America,3.46,25,1200,Freshman,Computer Science,202830,IL-Cook,,,,,Y,N,N,Y,N,Hispanic,F,Y,N
663752,N,Yes,IL,60438-3741,United States of America,3.87,25,1200,Freshman,Computer Science,202830,IL-Cook,,,,,Y,N,N,Y,N,Hispanic,M,Y,N
663753,N,No,IL,60612-2887,United States of America,3.54,33,1480,Freshman,Computer Science,202830,IL-Cook,,,,,Y,N,N,Y,N,Black or African American,M,Y,N
664167,N,No,IL,60173-4102,United States of America,3.35,21,1060,Freshman,Computer Science,202830,IL-Cook,,,,,Y,N,N,Y,N,Black or African American,M,Y,N
664168,N,No,OK,74137-6415,United States of America,3.11,28,,Freshman,Computer Science,202830,,,,,,Y,N,N,N,N,Asian,M,Y,N
664169,N,No,IL,60619-1732,United States of America,3.36,,,Freshman,Computer Science,202830,IL-Cook,,,,,Y,N,N,Y,N,Black or African American,M,Y,N
664170,N,Yes,IL,61244-4472,United States of America,4,32,1420,Freshman,Computer Science,202830,IL-Rock Island,,,,,Y,N,N,N,N,White,F,Y,N
664171,N,No,IL,60936-1527,United States of America,3,,,Freshman,Computer Science,202830,IL-Ford,,,,,Y,N,N,Y,N,Multiple,M,Y,N
664173,N,No,IL,60433-1649,United States of America,3.2,19,1010,Freshman,MAT: Teacher Education,202830,IL-Will,,,,,Y,N,N,N,N,Black or African American,F,Y,N
664175,N,No,IL,61822-7595,United States of America,4,,,Freshman,Computer Science,202830,IL-Champaign,,,,,Y,N,N,N,N,Hispanic,M,Y,N
664177,N,No,IL,60623-3534,United States of America,3.73,,,Freshman,Computer Science,202830,IL-Cook,,,,,Y,N,N,Y,N,Hispanic,M,Y,N
664178,N,No,IL,60624-1456,United States of America,3.1,,,Freshman,Mathematics,202830,IL-Cook,,,,,Y,N,N,Y,N,Black or African American,M,Y,N
664522,N,No,IL,60643-2105,United States of America,3.83,25,1210,Freshman,Computer Science,202830,IL-Cook,,,,,Y,N,N,N,N,Black or African American,M,Y,N
664739,Y,No,IL,61821-4172,United States of America,,,,Senior,Mathematics,202490,,0,924,924,,Y,N,N,Y,N,Asian,F,N,N
665337,N,No,IL,62088-2522,United States of America,3.52,15,840,Freshman,Computer Science,202830,IL-Macoupin,,,,,Y,N,N,Y,N,White,M,Y,N
665338,N,No,IL,60446-5804,United States of America,3.54,24,1180,Freshman,Computer Science,202830,IL-Will,,,,,Y,N,N,Y,N,Hispanic,M,Y,N
665339,N,No,IL,61874-9624,United States of America,4,,,Freshman,Computer Science,202830,IL-Champaign,,,,,Y,N,N,Y,N,Black or African American,F,Y,N
665340,N,No,IL,60609-2972,United States of America,3,,,Freshman,Computer Science,202830,IL-Cook,,,,,Y,N,N,Y,N,Black or African American,F,Y,N
665341,N,No,IL,60620-2232,United States of America,3.19,,,Freshman,Computer Science,202830,IL-Cook,,,,,Y,N,N,Y,N,Black or African American,M,Y,N
665342,N,No,IL,60085-4511,United States of America,4,19,990,Freshman,Computer Science,202830,IL-Lake,,,,,Y,N,N,Y,N,Hispanic,F,Y,N
665828,N,No,IL,60629-4519,United States of America,3.64,,,Freshman,Computer Science,202830,IL-Cook,,,,,Y,N,N,Y,N,Hispanic,M,Y,N
665829,N,No,IL,60615-4909,United States of America,4,23,1140,Freshman,Computer Science,202830,IL-Cook,,,,,Y,N,N,N,N,Black or African American,F,Y,N
666103,N,No,IN,47805-2507,United States of America,3.81,20,1050,Freshman,Computer Science,202830,,,,,,Y,N,N,N,N,White,M,Y,N
666104,N,No,IL,60629-4318,United States of America,3.36,,,Freshman,MAT: Teacher Education,202830,IL-Cook,,,,,Y,N,N,Y,N,Hispanic,F,Y,N
666105,N,No,IL,60629-1610,United States of America,3.3,,,Freshman,Computer Science,202830,IL-Cook,,,,,Y,N,N,Y,N,Hispanic,M,Y,N
666384,N,Yes,IL,62450-2948,United States of America,3.15,21,1090,Freshman,Computer Science,202830,IL-Richland,0,3697,7057,1000,Y,N,N,Y,N,White,M,N,N
666385,N,Yes,IL,60193-6336,United States of America,3.45,,,Freshman,Computer Science,202830,IL-Cook,,,,,Y,N,N,Y,N,Hispanic,M,Y,N
667430,N,No,IL,60608-3569,United States of America,4,23,1130,Freshman,Computer Science,202830,IL-Cook,,,,,Y,N,N,Y,N,Hispanic,F,Y,N
667781,N,No,IL,60636-3808,United States of America,3.71,,,Freshman,MAT: Teacher Education,202830,IL-Cook,,,,,Y,N,N,Y,N,Black or African American,F,Y,N
667782,N,No,IL,60466-1914,United States of America,3.5,24,1190,Freshman,Computer Science,202830,IL-Cook,,,,,Y,N,N,Y,N,Hispanic,M,Y,N
667783,N,No,IL,61822-7344,United States of America,4,,,Freshman,Computer Science,202830,IL-Champaign,,,,,Y,N,N,N,N,Black or African American,M,Y,N
667784,N,No,IL,60466-1815,United States of America,3.48,,,Freshman,Computer Science,202830,IL-Cook,,,,,Y,N,N,N,N,Black or African American,M,Y,N
668050,N,No,IL,60626-2559,United States of America,3.37,,,Freshman,Computer Science,202830,IL-Cook,,,,,Y,N,N,N,N,Black or African American,M,Y,N
668051,N,No,IL,60652-1118,United States of America,3.79,18,970,Freshman,Computer Science,202830,IL-Cook,,,,,Y,N,N,Y,N,Multiple,M,Y,N
668052,N,No,IL,60620-4439,United States of America,4,,,Freshman,Computer Science,202830,IL-Cook,,,,,Y,N,N,Y,N,Black or African American,F,Y,N
668053,N,No,IL,61412-5187,United States of America,3.66,,,Freshman,Computer Science,202830,IL-Warren,,,,,Y,N,N,Y,N,White,F,Y,N
668334,Y,Yes,IL,60453-1713,United States of America,4,25,1200,Senior,MAT: Teacher Education,202590,IL-Cook,1161,3122,8982,3459.72,Y,Y,N,Y,N,Hispanic,M,N,Y
668335,N,No,IL,60044-1141,United States of America,4,,,Freshman,Computer Science,202830,IL-Lake,,,,,Y,N,N,N,N,Asian,F,N,N
668721,N,No,IL,60619-3310,United States of America,3.92,,,Freshman,MAT: Teacher Education,202830,IL-Cook,,,,,Y,N,N,N,N,Black or African American,M,Y,N
668722,N,No,IL,60446-1269,United States of America,4,26,1240,Freshman,Computer Science,202830,IL-Will,,,,,Y,N,N,N,N,Black or African American,F,Y,N
668723,N,No,IL,60067-2760,United States of America,3.36,22,1110,Freshman,Computer Science,202830,IL-Cook,,,,,Y,N,N,N,N,White,M,Y,N
668724,Y,No,IL,60134,United States of America,3.09,26,,Junior,Computer Science,202560,IL-Kane,3560,1922,5562,,Y,N,N,N,N,Hispanic,M,N,N
668725,Y,Yes,IL,62269-7273,United States of America,3.43,,,Sophomore,Computer Science,202590,IL-Saint Clair,0,3697,10898.57,,Y,N,N,N,N,White,M,N,Y
668726,N,No,IL,60411-1563,United States of America,3.87,,,Freshman,Computer Science,202830,IL-Cook,,,,,Y,N,N,N,N,Black or African American,F,Y,N
668969,N,No,IL,62711-5908,United States of America,4,31,,Freshman,Computer Science,202830,IL-Sangamon,,,,,Y,N,N,N,N,White,F,Y,N
670496,Y,Yes,IL,62565-4633,United States of America,3.91,32,1430,Freshman,MAT: Teacher Education,202590,IL-Shelby,,,,2000,Y,N,N,N,N,White,M,N,Y
670497,N,No,IL,60619-4618,United States of America,3.08,11,670,Freshman,Computer Science,202830,IL-Cook,,,,,Y,N,N,Y,N,Black or African American,M,Y,N
670498,N,No,IL,60619-1144,United States of America,3.16,,,Freshman,Computer Science,202830,IL-Cook,2720,,,,Y,N,N,Y,N,Black or African American,M,Y,N
670499,N,No,IL,61953-1712,United States of America,3.55,19,1020,Freshman,Computer Science,202830,IL-Douglas,,,,,Y,N,N,Y,N,Hispanic,F,Y,N
670500,N,No,IL,60637-4107,United States of America,4,,,Freshman,Computer Science,202830,IL-Cook,,,,,Y,N,N,Y,N,Black or African American,M,Y,N
670501,Y,Yes,IL,61938-2632,United States of America,2.81,21,1080,Freshman,Theatre,202730,IL-Coles,13733,,,702.24,Y,N,N,N,N,Black or African American,M,N,N
670502,Y,Yes,,500002,India,,,,Freshman,Computer Science,202730,,,,,,Y,N,Y,N,N,International,M,N,N
670503,Y,Yes,,39400,Turkey,,,,Freshman,Computer Science,202530,,,,,,N,N,Y,N,N,International,F,N,N
670973,N,No,IL,60624-2976,United States of America,3.1,,,Freshman,Computer Science,202830,IL-Cook,,,,,Y,N,N,Y,N,Black or African American,M,Y,N
670974,N,No,IL,60120-4322,United States of America,3.65,,,Freshman,Computer Science,202830,IL-Kane,,,,,Y,N,N,Y,N,Hispanic,M,Y,N
670975,N,No,IL,60085-9013,United States of America,4,,,Freshman,Computer Science,202830,IL-Lake,,,,,Y,N,N,Y,N,Hispanic,F,Y,N
670976,N,No,IL,60623-2131,United States of America,3.14,,,Freshman,Computer Science,202830,IL-Cook,,,,,Y,N,N,Y,N,Black or African American,M,Y,N
671322,N,No,IL,60617-2318,United States of America,3.16,,,Freshman,Computer Science,202830,IL-Cook,,,,,Y,N,N,N,N,Black or African American,M,Y,N
671323,N,No,IL,60620-4137,United States of America,3.43,,,Freshman,Computer Science,202830,IL-Cook,,,,,Y,N,N,N,N,Black or African American,M,Y,N
671324,N,No,IL,60629-3627,United States of America,3.47,,,Freshman,Computer Science,202830,IL-Cook,,,,,Y,N,N,Y,N,Hispanic,M,Y,N
671325,N,No,IL,60076-2309,United States of America,3.68,,,Freshman,Computer Science,202830,IL-Cook,,,,,Y,N,N,N,N,Black or African American,M,Y,N
671326,N,No,CA,92173-2976,United States of America,4,,,Freshman,Computer Science,202830,,,,,,Y,N,N,Y,N,Hispanic,M,Y,N
671762,N,No,IL,60611-6304,United States of America,3.31,,,Freshman,Computer Science,202830,IL-Cook,,,,,Y,N,N,N,N,Unknown/Not reported,M,Y,N
671763,N,No,IL,60626-6924,United States of America,3.19,,,Freshman,Computer Science,202830,IL-Cook,,,,,Y,N,N,Y,N,Multiple,M,Y,N
671764,N,No,IL,60633-2106,United States of America,3.36,,,Freshman,Computer Science,202830,IL-Cook,,,,,Y,N,N,Y,N,Black or African American,M,Y,N
671766,N,No,IL,60517-4028,United States of America,4,28,1320,Freshman,Computer Science,202830,IL-Dupage,,,,,Y,N,N,Y,N,Black or African American,M,Y,N
671768,N,No,IL,60628-3227,United States of America,4,,,Freshman,Computer Science,202830,IL-Cook,,,,,Y,N,N,N,N,Black or African American,M,Y,N
672130,N,No,IL,60619-6631,United States of America,3.76,20,1030,Freshman,Computer Science,202830,IL-Cook,,,,,Y,N,N,N,N,Black or African American,M,Y,N
672131,N,No,IL,60623-4016,United States of America,4,,,Freshman,Computer Science,202830,IL-Cook,,,,,Y,N,N,Y,N,Hispanic,M,Y,N
673086,Y,No,IL,61822-2062,United States of America,3.64,,,Junior,Computer Science,202630,IL-Champaign,,,,,Y,N,N,Y,N,Asian,M,N,Y
673088,N,No,IL,60104-1301,United States of America,,,,Sophomore,Computer Science,202630,IL-Cook,,,,,N,N,N,N,N,Black or African American,M,N,Y
673600,N,No,IL,60431-8708,United States of America,3.36,,,Freshman,Computer Science,202830,IL-Will,,,,,Y,N,N,N,N,Black or African American,M,Y,N
673601,N,No,IL,60163-1445,United States of America,4,13,740,Freshman,Computer Science,202830,IL-Cook,,,,,Y,N,N,Y,N,Black or African American,M,Y,N
673602,N,No,IL,60538-6002,United States of America,3.24,23,,Freshman,Computer Science,202830,IL-Kendall,,,,,Y,N,N,Y,N,Asian,M,Y,N
673603,Y,Yes,IL,61874-9609,United States of America,,,,Junior,Computer Science,202630,,,,,,N,N,N,Y,N,White,M,N,Y
673604,N,No,TX,75019-4178,United States of America,3.35,29,1340,Freshman,Computer Science,202830,TX-Tarrant,,,,,Y,N,N,N,N,Multiple,M,Y,N
675197,N,No,IL,62226-6566,United States of America,4,34,1520,Freshman,Mathematics,202830,IL-Saint Clair,,,,,Y,N,N,Y,N,White,M,Y,N
675541,N,No,IL,60419-1370,United States of America,3.37,35,1540,Freshman,Computer Science,202830,IL-Cook,,,,,Y,N,N,Y,N,Black or African American,M,Y,N
676142,N,Yes,,123221,Nigeria,,,,Freshman,Mathematics,202630,,,,,,N,N,N,N,N,International,F,N,Y
676144,N,No,IL,60628-1436,United States of America,4,,,Freshman,Computer Science,202830,IL-Cook,,,,,Y,N,N,Y,N,Black or African American,F,Y,N
676759,N,No,IL,60618-6116,United States of America,4,26,1250,Freshman,Computer Science,202830,IL-Cook,,,,,Y,N,N,N,N,White,M,Y,N
678506,Y,No,IL,60004-2107,United States of America,3.71,34,1500,Freshman,Computer Science,202830,IL-Cook,23005,,,,Y,N,N,N,N,Multiple,M,Y,N
678507,N,No,IL,60538-6010,United States of America,3.35,25,1200,Freshman,Computer Science,202830,IL-Kendall,,,,,Y,N,N,N,N,Black or African American,M,Y,N
678508,N,No,IL,60649-3830,United States of America,4,33,1460,Freshman,MAT: Teacher Education,202830,IL-Cook,,,,,Y,N,N,N,N,White,F,Y,N
679130,N,No,IL,62018-1512,United States of America,3.68,24,1160,Freshman,Computer Science,202830,IL-Madison,,,,,Y,N,N,N,N,White,M,Y,N
679327,N,No,IL,60188-3036,United States of America,3.84,,,Freshman,Mathematics,202830,IL-Dupage,,,,,Y,N,N,N,N,Black or African American,F,Y,N
679542,N,No,IL,61802-5428,United States of America,3.02,,,Freshman,Computer Science,202830,IL-Champaign,,,,,Y,N,N,Y,N,Black or African American,M,Y,N
679543,N,No,IL,60653-5053,United States of America,3.24,20,1030,Freshman,Mathematics,202830,IL-Cook,,,,,Y,N,N,Y,N,Multiple,F,Y,N
679544,N,No,IL,62040-5212,United States of America,4,,,Freshman,MAT: Teacher Education,202830,IL-Madison,,,,,Y,N,N,N,N,White,F,Y,N
679545,N,No,VA,23801-1461,United States of America,3.36,,,Freshman,Computer Science,202830,,,,,,Y,N,N,Y,N,Hispanic,M,Y,N
679795,Y,No,IL,60090-4609,United States of America,3.22,,,Freshman,Computer Science,202830,IL-Cook,,,,,Y,N,N,N,N,Hispanic,M,Y,N
679796,Y,Yes,IL,61938-8402,United States of America,4,23,1130,Sophomore,MAT: Teacher Education,202630,IL-Coles,,,,,Y,N,N,Y,N,White,F,N,Y
679797,N,No,IL,60636-3724,United States of America,3.66,,,Freshman,Computer Science,202830,IL-Cook,,,,,Y,N,N,Y,N,Hispanic,M,Y,N
680020,N,No,NY,14891-1017,United States of America,3.56,,,Freshman,Computer Science,202830,,,,,,Y,N,N,N,N,White,M,Y,N
680673,N,No,IL,60632-4104,United States of America,3.59,,,Freshman,Computer Science,202830,IL-Cook,,,,,Y,N,N,N,N,Hispanic,M,Y,N
680674,N,No,IL,61739-1246,United States of America,3.71,23,1140,Freshman,Computer Science,202830,IL-Livingston,,,,,Y,N,N,N,N,White,M,Y,N
680675,N,No,AL,36863-6442,United States of America,3.01,,,Freshman,Computer Science,202830,,,,,,Y,N,N,N,N,White,M,Y,N
681060,N,No,IL,60430-2934,United States of America,3.87,,,Freshman,Computer Science,202830,IL-Cook,,,,,Y,N,N,N,N,Black or African American,F,Y,N
681061,N,No,IL,60501-1607,United States of America,4,35,1530,Freshman,Computer Science,202830,IL-Cook,,,,,Y,N,N,N,N,Asian,M,Y,N
681277,N,No,IL,60620-0319,United States of America,3.5,,,Freshman,Computer Science,202830,IL-Cook,,,,,Y,N,N,N,N,Black or African American,M,Y,N
681953,N,No,IL,62254-1835,United States of America,4,34,1520,Freshman,Computer Science,202830,IL-Saint Clair,,,,,Y,N,N,N,N,Unknown/Not reported,F,Y,N
682632,N,No,IL,60477-3235,United States of America,4,23,1150,Freshman,Computer Science,202830,IL-Cook,,,,,Y,N,N,N,N,White,M,Y,N
682633,N,No,IL,60638-3729,United States of America,3.55,16,900,Freshman,Computer Science,202830,IL-Cook,,,,,Y,N,N,Y,N,Hispanic,M,Y,N
682634,N,No,IL,62226-2117,United States of America,4,22,1110,Freshman,Computer Science,202830,IL-Saint Clair,,,,,Y,N,N,N,N,Hispanic,M,Y,N
682635,N,No,IL,60616-4053,United States of America,3.73,36,1600,Freshman,Computer Science,202830,IL-Cook,,,,,Y,N,N,N,N,Black or African American,M,Y,N
682947,N,No,IL,60617-5758,United States of America,3.67,14,790,Freshman,Computer Science,202830,IL-Cook,,,,,Y,N,N,Y,N,Black or African American,M,Y,N
683223,N,No,IL,60545-1380,United States of America,3.54,18,960,Freshman,Computer Science,202830,IL-Kendall,,,,,Y,N,N,N,N,Black or African American,M,Y,N
683224,N,No,IL,60619-3149,United States of America,3.7,,,Freshman,Computer Science,202830,IL-Cook,,,,,Y,N,N,Y,N,Black or African American,M,Y,N
683812,Y,No,IL,60446-1129,United States of America,2.88,17,930,Senior,Computer Science,202630,IL-Will,,,,,Y,N,N,Y,N,White,M,N,Y
684215,N,No,IL,61605-2740,United States of America,3.11,,,Freshman,Computer Science,202830,IL-Peoria,,,,,Y,N,N,N,N,Black or African American,M,Y,N
685707,N,No,IL,60085-6028,United States of America,3.46,21,1080,Freshman,Computer Science,202830,IL-Lake,,,,,Y,N,N,Y,N,Hispanic,M,Y,N
685708,N,No,IL,60616-4019,United States of America,,,,Sophomore,Computer Science,202630,,,,,,N,N,N,N,N,Black or African American,F,N,Y
686877,N,No,IL,62221-6655,United States of America,4,30,1360,Freshman,Computer Science,202830,IL-Saint Clair,,,,,Y,N,N,N,N,White,M,Y,N
687253,N,No,IL,60624-1256,United States of America,3.31,,,Freshman,Computer Science,202830,IL-Cook,,,,,Y,N,N,Y,N,Black or African American,M,Y,N
687934,N,No,,505452,India,,,,Freshman,Computer Science,202630,,,,,,Y,N,N,N,N,International,F,N,Y
689379,N,No,IL,60010-7110,United States of America,3.28,24,1190,Freshman,Computer Science,202830,IL-Lake,,,,,Y,N,N,N,N,Asian,F,Y,N
689380,Y,Yes,IL,62411-1744,United States of America,4,24,1180,Freshman,Computer Science,202830,IL-Effingham,,,,,Y,N,N,Y,N,White,M,Y,N
689381,N,No,CA,92021-1860,United States of America,3.93,,,Freshman,Computer Science,202830,,,,,,Y,N,N,N,N,Hispanic,M,Y,N
689764,N,No,IL,60538-1077,United States of America,3.87,22,1120,Freshman,Computer Science,202830,IL-Kane,,,,,Y,N,N,N,N,Black or African American,M,Y,N
691445,N,No,IL,61856-1238,United States of America,1.89,22,,Sophomore,Mathematics,202630,IL-Champaign,,,,,Y,N,N,Y,N,White,M,N,Y
691446,Y,Yes,,101211,Nigeria,,21,1090,Freshman,Computer Science,202730,,,,,500,Y,N,Y,N,N,International,F,N,N
692027,N,No,IL,60107-3102,United States of America,,25,1200,Junior,Mathematics,202630,IL-Cook,764,,,,Y,N,N,Y,N,Hispanic,F,N,Y
693513,Y,Yes,IL,61938-2210,United States of America,4,28,1310,Freshman,Computer Science,202830,IL-Coles,,,,,Y,N,N,N,N,White,M,Y,N
693514,N,No,IL,60629-1716,United States of America,3.68,20,1030,Freshman,Computer Science,202830,IL-Cook,,,,,Y,N,N,Y,N,Black or African American,M,Y,N
